Section,Question,"Average Rating","BBBS of Alaska - Juneau rating","BBBS of Alaska - Juneau comments","BBBS of Alaska -- Fairbanks rating","BBBS of Alaska -- Fairbanks comments","BBBS of Alaska --Anchorage rating","BBBS of Alaska --Anchorage comments","Big Brother Sports Buddies Program rating","Big Brother Sports Buddies Program comments","Big Brothers Big Sisters Community Mentoring Program rating","Big Brothers Big Sisters Community Mentoring Program comments","Big Brothers Big Sisters of Santa Cruz County rating","Big Brothers Big Sisters of Santa Cruz County comments","Big Brothers Big Sisters of Siouxland rating","Big Brothers Big Sisters of Siouxland comments","Big Brothers Big Sisters of the Bay Area rating","Big Brothers Big Sisters of the Bay Area comments","Hyun 8/29 Maryland rating","Hyun 8/29 Maryland comments","Hyun Test 5/2 rating","Hyun Test 5/2 comments","Hyun Test Program rating","Hyun Test Program comments","Hyun Test Program 6/24 rating","Hyun Test Program 6/24 comments","Hyuns test Iowa Program  rating","Hyuns test Iowa Program  comments","Orases Test Program rating","Orases Test Program comments","Project Uplift rating","Project Uplift comments"
"A. Mentoring Program Design and Implementation","1. Does your program have a mission statement?",2.3333333333333,2,,1,,1,,3,,3,,4,,1,,1,,3,,3,"Lorem ipsum dolor sit amet, consectetur adipiscing elit, sed do eiusmod tempor incididunt ut labore et dolore magna aliqua. Vel quam elementum pulvinar etiam non quam. Sollicitudin nibh sit amet commodo nulla facilisi nullam vehicula ipsum. Sagittis orci a scelerisque purus semper eget duis. Velit laoreet id donec ultrices tincidunt arcu non. Quisque egestas diam in arcu cursus euismod. Pharetra massa massa ultricies mi quis hendrerit dolor magna eget. Eu scelerisque felis imperdiet proin fermentum leo vel orci porta. Duis ultricies lacus sed turpis tincidunt id aliquet risus. Sed elementum tempus egestas sed sed risus pretium. Imperdiet proin fermentum leo vel. Eu feugiat pretium nibh ipsum consequat nisl vel pretium lectus. Adipiscing at in tellus integer feugiat scelerisque. Quis enim lobortis scelerisque fermentum dui faucibus in ornare. Sagittis nisl rhoncus mattis rhoncus urna neque viverra justo nec. Faucibus in ornare quam viverra orci sagittis eu.

Vitae elementum curabitur vitae nunc sed velit. Tortor dignissim convallis aenean et tortor at. At ultrices mi tempus imperdiet nulla malesuada. Etiam non quam lacus suspendisse faucibus interdum posuere lorem. Volutpat ac tincidunt vitae semper quis. Sem nulla pharetra diam sit. Viverra tellus in hac habitasse platea dictumst vestibulum rhoncus. Facilisis mauris sit amet massa vitae tortor condimentum lacinia. Eros in cursus turpis massa tincidunt. Cursus sit amet dictum sit amet justo. Tempor id eu nisl nunc. Pharetra massa massa ultricies mi. Risus quis varius quam quisque id diam. Sem et tortor consequat id porta nibh venenatis cras. Aenean vel elit scelerisque mauris pellentesque.

Pharetra massa massa ultricies mi quis hendrerit dolor magna eget. Scelerisque purus semper eget duis at tellus. Commodo sed egestas egestas fringilla phasellus faucibus scelerisque eleifend. In metus vulputate eu scelerisque felis. Consectetur lorem donec massa sapien faucibus et molestie ac feugiat. Malesuada fames ac turpis egestas integer eget. In arcu cursus euismod quis viverra. Nulla posuere sollicitudin aliquam ultrices sagittis. Enim neque volutpat ac tincidunt vitae semper quis lectus nulla. Id nibh tortor id aliquet. Sed blandit libero volutpat sed cras ornare arcu dui. A erat nam at lectus urna duis convallis convallis.

Erat pellentesque adipiscing commodo elit at imperdiet dui accumsan. Consectetur lorem donec massa sapien faucibus et molestie ac feugiat. Risus pretium quam vulputate dignissim suspendisse in est ante in. Ullamcorper eget nulla facilisi etiam dignissim diam. Lacus suspendisse faucibus interdum posuere. Massa sapien faucibus et molestie ac feugiat sed lectus. Tincidunt nunc pulvinar sapien et ligula ullamcorper malesuada pro",1,,5,,5,,0,,2,
"A. Mentoring Program Design and Implementation","2. Does your program have a logic model that describes the key components, activities, and outcomes of the program in a graphic or illustration?",1.8,2,,N/A,,0,,3,,3,,2,,1,,1,,4,,N/A,,1,,2,,2,,2,,4,
"A. Mentoring Program Design and Implementation","3. Does your program have a Theory of Change (i.e., a comprehensive description/illustration that articulates how the young people being served reach their short- and long-term outcomes as a result of the program’s work)?",1.8666666666667,4,,N/A,,2,,N/A,,3,,2,,4,"Lorem ipsum dolor sit amet, consectetur adipiscing elit, sed do eiusmod tempor incididunt ut labore et dolore magna aliqua. Ut enim ad minim veniam, quis nostrud exercitation ullamco laboris nisi ut aliquip ex ea commodo consequat. Duis aute irure dolor in reprehenderit in voluptate velit esse cillum dolore eu fugiat nulla pariatur. Excepteur sint occaecat cupidatat non proident, sunt in culpa qui officia deserunt mollit anim id est laborum.",1,,3,,2,,1,,N/A,,2,,N/A,,4,
"A. Mentoring Program Design and Implementation","5. Does your program review your program policies and procedures on a set schedule, at least one time per year?",2.1333333333333,N/A,,N/A,,5,,1,,5,,4,,2,"Lorem ipsum dolor sit amet, consectetur adipiscing elit, sed do eiusmod tempor incididunt ut labore et dolore magna aliqua. Ut enim ad minim veniam, quis nostrud exercitation ullamco laboris nisi ut aliquip ex ea commodo consequat. Duis aute irure dolor in reprehenderit in voluptate velit esse cillum dolore eu fugiat nulla pariatur. Excepteur sint occaecat cupidatat non proident, sunt in culpa qui officia deserunt mollit anim id est laborum.",1,,2,,3,,1,,N/A,,3,,N/A,,5,
"A. Mentoring Program Design and Implementation","4. Does your program have a manual that documents your program’s written policies and procedures?",1.5333333333333,N/A,,N/A,,3,,N/A,,N/A,,4,,3,"Lorem ipsum dolor sit amet, consectetur adipiscing elit, sed do eiusmod tempor incididunt ut labore et dolore magna aliqua. Ut enim ad minim veniam, quis nostrud exercitation ullamco laboris nisi ut aliquip ex ea commodo consequat. Duis aute irure dolor in reprehenderit in voluptate velit esse cillum dolore eu fugiat nulla pariatur. Excepteur sint occaecat cupidatat non proident, sunt in culpa qui officia deserunt mollit anim id est laborum.",1,,N/A,,3,,1,,N/A,,3,,N/A,,5,
"A. Mentoring Program Design and Implementation","6. Have your program’s policies and procedures been reviewed with respect to inclusiveness of potentially vulnerable populations, such as LGBTQ+ individuals, those with disabilities, youth and mentors of color, immigrants and refugees, and/or other often marginalized groups?",1.7333333333333,N/A,,N/A,,N/A,,4,,2,,2,,4,"Lorem ipsum dolor sit amet, consectetur adipiscing elit, sed do eiusmod tempor incididunt ut labore et dolore magna aliqua. Ut enim ad minim veniam, quis nostrud exercitation ullamco laboris nisi ut aliquip ex ea commodo consequat. Duis aute irure dolor in reprehenderit in voluptate velit esse cillum dolore eu fugiat nulla pariatur. Excepteur sint occaecat cupidatat non proident, sunt in culpa qui officia deserunt mollit anim id est laborum.",1,,3,,4,,1,,3,,2,,N/A,,N/A,
"B. Mentee Recruitment","7. Does your program have a written mentee recruitment plan?",1.8666666666667,3,,N/A,,3,,3,,2,,N/A,,3,,1,,2,,3,,1,,N/A,,2,,N/A,,5,
"B. Mentee Recruitment","8. Does your program provide prospective mentees (and their parents/guardians, when applicable) with the eligibility requirements for participation so that youth and their families can determine their fit for the program?",1.9333333333333,2,,N/A,,3,,3,,2,,1,,2,"Lorem ipsum dolor sit amet, consectetur adipiscing elit, sed do eiusmod tempor incididunt ut labore et dolore magna aliqua. Ut enim ad minim veniam, quis nostrud exercitation ullamco laboris nisi ut aliquip ex ea commodo consequat. Duis aute irure dolor in reprehenderit in voluptate velit esse cillum dolore eu fugiat nulla pariatur. Excepteur sint occaecat cupidatat non proident, sunt in culpa qui officia deserunt mollit anim id est laborum.",1,,3,,3,,1,,2,,2,,N/A,,4,
"B. Mentee Recruitment","9. Does your program’s youth recruitment materials use inclusive and welcoming language for mentees that realistically portray the expectations and responsibilities of participating in the program?",1.5333333333333,N/A,,N/A,,2,,3,,3,,1,,3,"Lorem ipsum dolor sit amet, consectetur adipiscing elit, sed do eiusmod tempor incididunt ut labore et dolore magna aliqua. Ut enim ad minim veniam, quis nostrud exercitation ullamco laboris nisi ut aliquip ex ea commodo consequat. Duis aute irure dolor in reprehenderit in voluptate velit esse cillum dolore eu fugiat nulla pariatur. Excepteur sint occaecat cupidatat non proident, sunt in culpa qui officia deserunt mollit anim id est laborum.",1,,0,,5,,1,,1,,3,,N/A,,N/A,
"C. Mentor Recruitment","10. Does your program have a written mentor recruitment plan?",1.8,N/A,,N/A,,1,,4,,3,,2,,3,,1,,2,,3,,1,,N/A,,2,,N/A,,5,
"C. Mentor Recruitment","11. Does your program provide prospective mentors with a “job description” that explains the mentor’s role and eligibility criteria?",1.3333333333333,N/A,,N/A,,2,,N/A,,3,,2,,3,,1,,2,,N/A,,1,,2,,3,,N/A,,1,
"C. Mentor Recruitment","12. Does your program’s mentor recruitment materials realistically portray the expectations and responsibilities of participating in the program?",1.8666666666667,3,,N/A,,4,,N/A,,1,,2,,1,,1,,5,,N/A,,1,,5,,3,,N/A,,2,
"C. Mentor Recruitment","13. Has your program developed and/or implemented strategies for increasing the diversity of its mentors (e.g. race/ethnicity, sexual orientation, gender identity and expression, socio-economic, etc.)?",2,3,,N/A,,4,,4,,0,,2,,N/A,,1,,4,,3,,1,,3,,2,,N/A,,3,
"F. Mentee Preparation and Training","30. Does your program require training for mentees that prepares them to be successful in their role as a mentee in the program?",1.4,N/A,,N/A,,1,,2,,N/A,,N/A,,5,"Lorem ipsum dolor sit amet, consectetur adipiscing elit, sed do eiusmod tempor incididunt ut labore et dolore magna aliqua. Ut enim ad minim veniam, quis nostrud exercitation ullamco laboris nisi ut aliquip ex ea commodo consequat. Duis aute irure dolor in reprehenderit in voluptate velit esse cillum dolore eu fugiat nulla pariatur. Excepteur sint occaecat cupidatat non proident, sunt in culpa qui officia deserunt mollit anim id est laborum.",0,,5,,2,,1,,1,"Lorem ipsum dolor sit amet, consectetur adipiscing elit, sed do eiusmod tempor incididunt ut labore et dolore magna aliqua. Ut enim ad minim veniam, quis nostrud exercitation ullamco laboris nisi ut aliquip ex ea commodo consequat. Duis aute irure dolor in reprehenderit in voluptate velit esse cillum dolore eu fugiat nulla pariatur. Excepteur sint occaecat cupidatat non proident, sunt in culpa qui officia deserunt mollit anim id est laborum.",1,wqhurishfskjdnfwelkjrfoaisca,2,,1,
"F. Mentee Preparation and Training","31. Does your mentee training review program rules and risk management policies?",2.0666666666667,3,,N/A,,2,,N/A,,3,,4,,3,"Lorem ipsum dolor sit amet, consectetur adipiscing elit, sed do eiusmod tempor incididunt ut labore et dolore magna aliqua. Ut enim ad minim veniam, quis nostrud exercitation ullamco laboris nisi ut aliquip ex ea commodo consequat. Duis aute irure dolor in reprehenderit in voluptate velit esse cillum dolore eu fugiat nulla pariatur. Excepteur sint occaecat cupidatat non proident, sunt in culpa qui officia deserunt mollit anim id est laborum.",1,,3,,3,,1,,3,,3,,N/A,,2,
"F. Mentee Preparation and Training","32. Does your program provide ongoing training or learning opportunities for mentees throughout their participation in the program?",1.6,2,,N/A,,N/A,,4,,1,,2,,2,,0,,4,,3,,1,,N/A,,3,,N/A,,2,
"D. Mentee Intake and Enrollment","14. Does your program have established, written criteria for assessing the fit of mentees and families for the program?",1.8,N/A,,N/A,,3,,3,,3,,2,,N/A,,1,,1,,5,,1,,4,,4,,N/A,,N/A,
"D. Mentee Intake and Enrollment","15. Does your program offer an in-person or virtual orientation to prospective mentees (and parents/guardians, when relevant) in which they can learn details about the program to determine if they are a good fit for the experience?",1.6,5,,N/A,,N/A,,4,,3,,2,,3,"Lorem ipsum dolor sit amet, consectetur adipiscing elit, sed do eiusmod tempor incididunt ut labore et dolore magna aliqua. Ut enim ad minim veniam, quis nostrud exercitation ullamco laboris nisi ut aliquip ex ea commodo consequat. Duis aute irure dolor in reprehenderit in voluptate velit esse cillum dolore eu fugiat nulla pariatur. Excepteur sint occaecat cupidatat non proident, sunt in culpa qui officia deserunt mollit anim id est laborum.",1,,N/A,,N/A,,1,,2,,3,,N/A,,N/A,
"D. Mentee Intake and Enrollment","16. Does your program require a written application that gathers information about the mentee and their hopes for the program experience?",1.1333333333333,2,,N/A,,N/A,,N/A,,4,,0,,N/A,"Lorem ipsum dolor sit amet, consectetur adipiscing elit, sed do eiusmod tempor incididunt ut labore et dolore magna aliqua. Ut enim ad minim veniam, quis nostrud exercitation ullamco laboris nisi ut aliquip ex ea commodo consequat. Duis aute irure dolor in reprehenderit in voluptate velit esse cillum dolore eu fugiat nulla pariatur. Excepteur sint occaecat cupidatat non proident, sunt in culpa qui officia deserunt mollit anim id est laborum.",1,,3,,4,,1,,N/A,,2,,N/A,,N/A,
"D. Mentee Intake and Enrollment","17. Does your program collect relevant demographic data about potential mentees (e.g., race/ethnicity, sexual orientation, gender identity and expression, disability, etc.)?",1.5333333333333,2,,N/A,,N/A,,N/A,,3,,4,,4,,1,,N/A,,4,,1,,N/A,,3,,N/A,,1,
"D. Mentee Intake and Enrollment","18. Does your program conduct an interview with youth (and parents/guardians, when relevant) to learn more about the youth’s needs and goals for the program experience?",1.5333333333333,2,,N/A,,N/A,,2,,2,,2,,5,,1,,3,,2,,1,,N/A,,2,,N/A,,1,
"D. Mentee Intake and Enrollment","19. Does your program require mentees (and parents/guardians, when relevant) to agree in writing to the expectations and responsibilities of participating in the program and working with their mentor(s)?",2.0666666666667,4,,N/A,,2,,4,,3,,2,,3,,1,,N/A,,4,,1,,N/A,,4,,N/A,,3,
"E. Mentor Screening and Enrollment","20. Does your program have written, established criteria for assessing the fit of mentors with the program and for disqualifying potential mentors as needed?",2,N/A,,N/A,,3,,N/A,,3,,N/A,,5,,1,,4,,4,,1,,3,,4,,N/A,,2,
"E. Mentor Screening and Enrollment","21. Does your program offer an in-person or virtual orientation to prospective mentors in which they can learn details about the program and determine if they are a good fit for the experience?",1.2,4,,N/A,,N/A,,N/A,,2,,N/A,,0,"Lorem ipsum dolor sit amet, consectetur adipiscing elit, sed do eiusmod tempor incididunt ut labore et dolore magna aliqua. Ut enim ad minim veniam, quis nostrud exercitation ullamco laboris nisi ut aliquip ex ea commodo consequat. Duis aute irure dolor in reprehenderit in voluptate velit esse cillum dolore eu fugiat nulla pariatur. Excepteur sint occaecat cupidatat non proident, sunt in culpa qui officia deserunt mollit anim id est laborum.",1,,2,,1,,1,,N/A,,4,,N/A,,3,
"E. Mentor Screening and Enrollment","22. Does your program require potential mentors to complete a written application that gathers information relevant to their ability to provide youth with a safe mentoring experience and their suitability for participating in the program?",1.4666666666667,N/A,,N/A,,2,,4,,3,,3,,N/A,,1,,N/A,,3,,1,,N/A,,2,,N/A,,3,
"E. Mentor Screening and Enrollment","23. Does your program collect relevant demographic data about potential mentors (e.g., race/ethnicity, sexual orientation, gender identity and expression, disability, socioeconomic status, etc.)?",1.5333333333333,2,,N/A,,3,,N/A,,2,,2,,N/A,"Lorem ipsum dolor sit amet, consectetur adipiscing elit, sed do eiusmod tempor incididunt ut labore et dolore magna aliqua. Ut enim ad minim veniam, quis nostrud exercitation ullamco laboris nisi ut aliquip ex ea commodo consequat. Duis aute irure dolor in reprehenderit in voluptate velit esse cillum dolore eu fugiat nulla pariatur. Excepteur sint occaecat cupidatat non proident, sunt in culpa qui officia deserunt mollit anim id est laborum.",1,,4,,3,,1,,N/A,,2,,N/A,,3,
"E. Mentor Screening and Enrollment","24. Does your program conduct at least one face-to-face interview with potential mentors?",1,3,,N/A,,N/A,,2,,2,,N/A,,2,,0,,1,,N/A,,1,,N/A,,4,,N/A,,N/A,
"E. Mentor Screening and Enrollment","25. Does your program conduct a comprehensive criminal history records check on potential mentors prior to acceptance in the mentoring program, at a minimum searching a state criminal records database, along with sex offender and child abuse registries?",1.8666666666667,2,,N/A,,N/A,,N/A,,3,,4,,3,"Lorem ipsum dolor sit amet, consectetur adipiscing elit, sed do eiusmod tempor incididunt ut labore et dolore magna aliqua. Ut enim ad minim veniam, quis nostrud exercitation ullamco laboris nisi ut aliquip ex ea commodo consequat. Duis aute irure dolor in reprehenderit in voluptate velit esse cillum dolore eu fugiat nulla pariatur. Excepteur sint occaecat cupidatat non proident, sunt in culpa qui officia deserunt mollit anim id est laborum.",1,,2,,4,,1,,N/A,,4,,N/A,,4,
"E. Mentor Screening and Enrollment","26. Does your program conduct at least two reference checks (personal and/or professional) on potential mentors?",2.0666666666667,2,,N/A,,N/A,,3,,5,,3,,2,,1,,4,,3,,1,,3,,4,,N/A,,N/A,
"E. Mentor Screening and Enrollment","27. Does your program utilize any other screening checks or procedures relevant to your program model?",1.5333333333333,N/A,,N/A,,1,,2,,2,,2,,4,,1,,N/A,,4,,1,,N/A,,4,,2,,N/A,
"E. Mentor Screening and Enrollment","28. Does your program require mentors to agree in writing to the expectations and responsibilities of participating in the program and working with their mentee(s)?",2.2666666666667,4,,N/A,,N/A,,1,,3,,5,,3,,1,,4,,2,,1,,4,,2,,N/A,,4,
"G. Mentor Preparation and Training","33. Does your program require at least two hours of pre-mentoring relationship training that prepares mentors to be successful in their role?",1.9333333333333,3,,N/A,,N/A,,2,,2,,5,,4,"Lorem ipsum dolor sit amet, consectetur adipiscing elit, sed do eiusmod tempor incididunt ut labore et dolore magna aliqua. Ut enim ad minim veniam, quis nostrud exercitation ullamco laboris nisi ut aliquip ex ea commodo consequat. Duis aute irure dolor in reprehenderit in voluptate velit esse cillum dolore eu fugiat nulla pariatur. Excepteur sint occaecat cupidatat non proident, sunt in culpa qui officia deserunt mollit anim id est laborum.",1,,1,,0,,1,,N/A,,5,,2,,3,
"G. Mentor Preparation and Training","34. Does your program training inform mentors about program rules and risk management policies?",2.3333333333333,4,,N/A,,3,,3,,2,,3,,5,"Lorem ipsum dolor sit amet, consectetur adipiscing elit, sed do eiusmod tempor incididunt ut labore et dolore magna aliqua. Ut enim ad minim veniam, quis nostrud exercitation ullamco laboris nisi ut aliquip ex ea commodo consequat. Duis aute irure dolor in reprehenderit in voluptate velit esse cillum dolore eu fugiat nulla pariatur. Excepteur sint occaecat cupidatat non proident, sunt in culpa qui officia deserunt mollit anim id est laborum.",1,,3,,0,,1,,3,,3,,N/A,,4,
"G. Mentor Preparation and Training","35. Does your program provide ongoing training opportunities to mentors throughout their participation in the program?",1.5333333333333,4,,N/A,,1,,N/A,,1,,2,,5,"Lorem ipsum dolor sit amet, consectetur adipiscing elit, sed do eiusmod tempor incididunt ut labore et dolore magna aliqua. Ut enim ad minim veniam, quis nostrud exercitation ullamco laboris nisi ut aliquip ex ea commodo consequat. Duis aute irure dolor in reprehenderit in voluptate velit esse cillum dolore eu fugiat nulla pariatur. Excepteur sint occaecat cupidatat non proident, sunt in culpa qui officia deserunt mollit anim id est laborum.",1,,2,,2,,1,,N/A,,N/A,,2,,2,
"H. Forming Mentoring Relationships","36. Does your program have established, documented criteria for forming mentoring relationships between mentors with mentees, either in pairs or groups?",1.6,4,,N/A,,1,,2,,N/A,,1,,1,,1,,4,,2,,2,,N/A,,4,,N/A,,2,
"H. Forming Mentoring Relationships","37. Does your program share information about the proposed mentoring relationship(s) with mentors, mentees, and (when appropriate) parent(s)/guardians to prepare participants for their initial meeting?",1.8,1,,N/A,,1,,3,,2,,2,,4,,1,,2,,3,,1,,N/A,,3,,N/A,,4,
"H. Forming Mentoring Relationships","38. Does your program arrange and document an initial meeting, facilitated by program staff that includes the mentor(s) and mentee(s), as well as parent(s)/guardian(s) (when appropriate)?",1.4,N/A,,N/A,,0,,2,,3,,2,,N/A,"Lorem ipsum dolor sit amet, consectetur adipiscing elit, sed do eiusmod tempor incididunt ut labore et dolore magna aliqua. Ut enim ad minim veniam, quis nostrud exercitation ullamco laboris nisi ut aliquip ex ea commodo consequat. Duis aute irure dolor in reprehenderit in voluptate velit esse cillum dolore eu fugiat nulla pariatur. Excepteur sint occaecat cupidatat non proident, sunt in culpa qui officia deserunt mollit anim id est laborum.",1,,N/A,,2,,1,,2,,3,,N/A,,5,
"H. Forming Mentoring Relationships","39. Does your program have the mentor(s) and mentee(s), as well as parents/guardians when appropriate, sign a relationship commitment agreement at the initial meeting?",1.1333333333333,N/A,,N/A,,N/A,,3,,3,,N/A,,2,"Lorem ipsum dolor sit amet, consectetur adipiscing elit, sed do eiusmod tempor incididunt ut labore et dolore magna aliqua. Ut enim ad minim veniam, quis nostrud exercitation ullamco laboris nisi ut aliquip ex ea commodo consequat. Duis aute irure dolor in reprehenderit in voluptate velit esse cillum dolore eu fugiat nulla pariatur. Excepteur sint occaecat cupidatat non proident, sunt in culpa qui officia deserunt mollit anim id est laborum.",1,,N/A,,1,,1,,2,,4,,N/A,,0,
"I. Parental Engagement","40. Does your program provide information to parents/guardians about program rules, risk management policies, and their responsibilities in supporting the mentoring relationship?",1.7333333333333,2,,N/A,,N/A,,3,,2,,4,,4,,1,,4,,1,,1,,N/A,,1,,N/A,,3,
"I. Parental Engagement","41. Does your program regularly engage parents/guardians in the program through information sharing, invitations to special events, sharing progress about their child, or other engagement opportunities?",1.2,N/A,,N/A,,N/A,,0,,3,,1,,2,,1,,N/A,,3,,1,,N/A,,4,,N/A,,3,
"J. Supporting Mentoring Relationships","42. Does your program check in separately with mentors twice a month for the first month of the mentoring relationship and monthly thereafter (or at a consistent interval appropriate to the nature of the program and the safety needs and risk level of participants)?",1.7333333333333,3,,N/A,,3,,3,,1,,N/A,,3,,1,,3,,1,,1,,N/A,,4,,N/A,,3,
"J. Supporting Mentoring Relationships","43. Does your program check in separately, and in developmentally appropriate ways, with mentees twice a month for the first month of the mentoring relationship and monthly thereafter (or at a consistent interval appropriate to the nature of the program and the safety needs and risk level of participants)?",1.4,2,,N/A,,3,,N/A,,2,,N/A,,2,,1,,2,,3,,1,,N/A,,3,,N/A,,2,
"J. Supporting Mentoring Relationships","44. Does your program check in with another responsible adult in the mentee’s life (e.g., parent, guardian, teacher, counselor, etc.) at a minimum of twice a month in the first month of the mentoring relationship and at least quarterly thereafter (or at a consistent interval appropriate to the nature of the program and the safety needs and risk level of participants)?",2.2666666666667,3,,N/A,,4,,2,,3,,3,,4,"Lorem ipsum dolor sit amet, consectetur adipiscing elit, sed do eiusmod tempor incididunt ut labore et dolore magna aliqua. Ut enim ad minim veniam, quis nostrud exercitation ullamco laboris nisi ut aliquip ex ea commodo consequat. Duis aute irure dolor in reprehenderit in voluptate velit esse cillum dolore eu fugiat nulla pariatur. Excepteur sint occaecat cupidatat non proident, sunt in culpa qui officia deserunt mollit anim id est laborum.",1,,2,,3,,1,,3,,2,,N/A,,3,
"J. Supporting Mentoring Relationships","45. Does your program use a standardized protocol at each contact (with mentors, mentees, and responsible adults) that collects information and elicits conversation about mentor and mentee activities, safety concerns, and relationship progress?",1.5333333333333,2,,N/A,,N/A,,3,,2,,2,,4,,1,,N/A,,0,,1,,4,,N/A,,N/A,,4,
"J. Supporting Mentoring Relationships","46. At each contact (with mentors and mentees) does your program provide access to relevant resources (i.e. expert advice from program staff or others, publications, web-based resources, experienced mentors) to support the participant and the mentoring relationship and/or help address needs and challenges as they arise?",1.4,N/A,,N/A,,N/A,,2,,5,,1,,4,,1,,3,,0,,1,,N/A,,1,,N/A,,3,
"J. Supporting Mentoring Relationships","47. Does your program document all contacts with participants by gathering relevant information (e.g., meeting dates and activities, challenges and support provided, goals achieved, etc.) in an appropriate format accessible by relevant staff?",1.8,3,,N/A,,N/A,,3,,2,,4,,2,,1,,3,,3,,1,,N/A,,2,,N/A,,3,
"J. Supporting Mentoring Relationships","48. Does your program have a process for ensuring that mentoring relationship support procedures are adhered to, and that program staff contact participants as required?",1.2666666666667,N/A,,N/A,,1,,0,,2,,4,,4,,1,,N/A,,4,,1,,N/A,,2,,N/A,,N/A,
"J. Supporting Mentoring Relationships","49. Does your program conduct additional activities to support mentors or mentoring relationships throughout the year?",1.0666666666667,N/A,,N/A,,N/A,,1,,3,,5,,1,,1,,N/A,,2,,1,,N/A,,2,,N/A,,N/A,
"J. Supporting Mentoring Relationships","50. Does your program regularly recognize and thank program participants for their contributions, such as with occasional thank-you cards, other gifts or tokens of recognition, or end-of-year celebration events?",2.2666666666667,2,,N/A,,4,,2,,3,,4,,2,"Lorem ipsum dolor sit amet, consectetur adipiscing elit, sed do eiusmod tempor incididunt ut labore et dolore magna aliqua. Ut enim ad minim veniam, quis nostrud exercitation ullamco laboris nisi ut aliquip ex ea commodo consequat. Duis aute irure dolor in reprehenderit in voluptate velit esse cillum dolore eu fugiat nulla pariatur. Excepteur sint occaecat cupidatat non proident, sunt in culpa qui officia deserunt mollit anim id est laborum.",1,,4,,4,,1,,1,,3,,N/A,,3,
"J. Supporting Mentoring Relationships","51. Does your program evaluate whether mentoring relationships should be “renewed” or formally closed, emphasizing participant desires, at the end of each typical cycle?",0.93333333333333,N/A,,N/A,,N/A,,N/A,,N/A,,N/A,,3,,1,,N/A,,4,,1,,3,,2,,N/A,,N/A,
"K. Relationship Closure","52. Does your program have written protocols for handling a variety of closure circumstances, including anticipated and/or unanticipated closures, scenarios in which participants are willing/unwilling, or able/unable to engage in a closure process and goodbye meeting?",2.1333333333333,3,,N/A,,4,,3,,5,,N/A,,3,,1,,3,,3,,1,,N/A,,3,,N/A,,3,
"K. Relationship Closure","53. Does your program prepare and/or coach mentors, mentees, and parents/guardians (when relevant) for a final goodbye meeting or other closure activities?",1.6666666666667,3,,N/A,,N/A,,3,,3,,2,,5,,1,,N/A,,0,,1,,N/A,,3,,N/A,,4,
"K. Relationship Closure","54. Does your program have established criteria for whether and how participants should be re-matched and procedures for how re-matching is done?",1.7333333333333,1,,N/A,,N/A,,3,,2,,3,,5,"Lorem ipsum dolor sit amet, consectetur adipiscing elit, sed do eiusmod tempor incididunt ut labore et dolore magna aliqua. Ut enim ad minim veniam, quis nostrud exercitation ullamco laboris nisi ut aliquip ex ea commodo consequat. Duis aute irure dolor in reprehenderit in voluptate velit esse cillum dolore eu fugiat nulla pariatur. Excepteur sint occaecat cupidatat non proident, sunt in culpa qui officia deserunt mollit anim id est laborum.",1,,4,,2,,1,,N/A,,N/A,,N/A,,4,
"K. Relationship Closure","55. Does your program conduct exit interviews with mentors, mentees, and parents/guardians once the programmatic timeline ends?",1.9333333333333,4,,N/A,,4,,N/A,,3,,5,,2,,1,,1,,3,,1,,3,,N/A,,N/A,,2,
"K. Relationship Closure","56. Does your program document all relationship closures and exits from the program in the program’s information management system, including the date of exit and if relationships are no longer reported as active in reporting and evaluation?",1.2666666666667,3,,N/A,,N/A,,N/A,,2,,3,,2,,1,,4,,3,,1,,N/A,,N/A,,N/A,,N/A,
"L. Program Leadership and Staffing","57. Does your program have a board of directors or advisory committee that operates with clear roles and responsibilities and meets on a regularly scheduled basis?",1.8666666666667,N/A,,N/A,,2,,2,,3,,N/A,,3,,1,,3,,4,,1,,N/A,,5,,N/A,,4,
"L. Program Leadership and Staffing","58. Does your program’s board of directors provide adequate resources and governance to support the program?",1.6666666666667,3,,N/A,,3,,2,,1,,3,,N/A,"Lorem ipsum dolor sit amet, consectetur adipiscing elit, sed do eiusmod tempor incididunt ut labore et dolore magna aliqua. Ut enim ad minim veniam, quis nostrud exercitation ullamco laboris nisi ut aliquip ex ea commodo consequat. Duis aute irure dolor in reprehenderit in voluptate velit esse cillum dolore eu fugiat nulla pariatur. Excepteur sint occaecat cupidatat non proident, sunt in culpa qui officia deserunt mollit anim id est laborum.",1,,2,,3,,1,,N/A,,2,,N/A,,4,
"L. Program Leadership and Staffing","59. Do the members of your program’s board of directors or advisory committee reflect the diversity of the community being served and the mentors and mentees participating in the program?",1.9333333333333,4,,N/A,,N/A,,2,,3,,4,,4,,1,,3,,3,,1,,3,,1,,N/A,,N/A,
"L. Program Leadership and Staffing","60. Does your program’s board of directors or advisory committee regularly assess and balance its composition by race/ethnicity, gender, sexuality, ability, etc.?",2,2,,N/A,,2,,3,,3,,4,,N/A,"Lorem ipsum dolor sit amet, consectetur adipiscing elit, sed do eiusmod tempor incididunt ut labore et dolore magna aliqua. Ut enim ad minim veniam, quis nostrud exercitation ullamco laboris nisi ut aliquip ex ea commodo consequat. Duis aute irure dolor in reprehenderit in voluptate velit esse cillum dolore eu fugiat nulla pariatur. Excepteur sint occaecat cupidatat non proident, sunt in culpa qui officia deserunt mollit anim id est laborum.",1,,3,,3,,1,,4,,1,,N/A,,3,
"L. Program Leadership and Staffing","61. Are youth represented on your board of directors or advisory committee or offered other meaningful opportunities to provide input into program leadership and/or decisions?",1.5333333333333,2,,N/A,,N/A,,3,,3,,3,,N/A,,1,,2,,4,,1,,3,,1,,N/A,,N/A,
"L. Program Leadership and Staffing","62. Does the staff of your program reflect the diversity of the community being served and the mentors and mentees participating in the program?",1.6666666666667,N/A,,N/A,,4,,N/A,,2,,5,,1,,1,,N/A,,4,,1,,5,,2,,N/A,,N/A,
"L. Program Leadership and Staffing","63. Does program leadership (or the board of directors) regularly assess its organization and leadership composition by race/ethnicity, gender, sexuality, ability, etc.?",1.7333333333333,2,,N/A,,3,,2,,1,,1,,3,,1,,N/A,,2,,1,,3,,4,,N/A,,3,
"L. Program Leadership and Staffing","64. Does your organization have strategies and policies in place to recruit and retain staff of color, including leadership?",1.4666666666667,N/A,,N/A,,3,,N/A,,2,,N/A,,2,,1,,2,,3,,1,,4,,2,,N/A,,2,
"L. Program Leadership and Staffing","65. Does your program have a history of retaining staff members over time?",1.4666666666667,N/A,,N/A,,N/A,,N/A,,2,,3,,N/A,,1,,3,,3,,1,,4,,2,,N/A,,3,
"L. Program Leadership and Staffing","66. Does your program have adequate staffing for the number of mentoring relationships being served currently, allowing the program to implement services with fidelity and consistency?",1.4,N/A,,N/A,,N/A,,N/A,,2,,3,,3,,1,,N/A,,4,,1,,4,,3,,N/A,,N/A,
"L. Program Leadership and Staffing","67. Do all staff members have relevant backgrounds and education for the roles they are filling?",1.2666666666667,2,,N/A,,N/A,,N/A,,1,,N/A,,4,,1,,N/A,,5,,1,,3,,N/A,,N/A,,2,
"L. Program Leadership and Staffing","68. Does your program offer onboarding training for all staff members, as well as ongoing training and professional development opportunities?",1.9333333333333,3,,N/A,,4,,2,,3,,3,,4,,1,,1,,3,,1,,3,,1,,N/A,,N/A,
"L. Program Leadership and Staffing","69. Does your program provide program leadership and staff with training on issues of diversity, equity, inclusion, and cultural responsiveness?",2,3,,N/A,,3,,2,,2,,3,,2,,1,,5,,4,,1,,N/A,,4,,N/A,,N/A,
"L. Program Leadership and Staffing","70. Does your program have policies and/or procedures in place for addressing discrimination based on race, color, religion, gender identity/sexuality, national origin, disability, and/or age (e.g., workplace hostility, advancement, whistle-blower policy, communications, etc.)?",2.2,5,,N/A,,4,,3,,2,,3,,3,,1,,2,,0,,1,,4,,2,,N/A,,3,
"M. Community Engagement","71. Does your program implement appropriate community engagement strategies to ensure that it is part of the larger youth support ecosystem in your community?",2.2666666666667,4,,N/A,,2,,3,,2,,5,,N/A,,1,,4,,3,,1,,4,,2,,N/A,,3,
"M. Community Engagement","72. Does your program seek input from marginalized communities in programming development (i.e., interpretation of outcomes, communication materials, recruitment planning, training for participants)?",1.2666666666667,N/A,,N/A,,N/A,,N/A,,3,,2,,4,"Lorem ipsum dolor sit amet, consectetur adipiscing elit, sed do eiusmod tempor incididunt ut labore et dolore magna aliqua. Ut enim ad minim veniam, quis nostrud exercitation ullamco laboris nisi ut aliquip ex ea commodo consequat. Duis aute irure dolor in reprehenderit in voluptate velit esse cillum dolore eu fugiat nulla pariatur. Excepteur sint occaecat cupidatat non proident, sunt in culpa qui officia deserunt mollit anim id est laborum.",1,,2,,3,,1,,N/A,,N/A,,N/A,,3,
"M. Community Engagement","73. Are program staff knowledgeable about historical and current traumas and injustices related to race, ethnicity, religion, gender identity/sexuality, national origin, disability, and/or age that may be experienced by mentees (& their families) within the areas they live (e.g. access or lack of access to resources for safe housing, advanced education, economic opportunities, transportation, health, public safety, food, etc.)?",1.4,2,,N/A,,2,,3,,3,,4,,N/A,,1,,0,,2,,1,,N/A,,3,,N/A,,N/A,
"M. Community Engagement","74. Does your program have dedicated resources available to provide accommodations to increase accessibility for program participants as needed?",1.4666666666667,N/A,,N/A,,4,,2,,3,,1,,N/A,,1,,N/A,,4,,1,,3,,3,,N/A,,N/A,
"N. Communications and Marketing","75. Does your program have a written communications and marketing plan?",1.5333333333333,3,,N/A,,4,,N/A,,2,,3,,N/A,"Lorem ipsum dolor sit amet, consectetur adipiscing elit, sed do eiusmod tempor incididunt ut labore et dolore magna aliqua. Ut enim ad minim veniam, quis nostrud exercitation ullamco laboris nisi ut aliquip ex ea commodo consequat. Duis aute irure dolor in reprehenderit in voluptate velit esse cillum dolore eu fugiat nulla pariatur. Excepteur sint occaecat cupidatat non proident, sunt in culpa qui officia deserunt mollit anim id est laborum.",1,,4,,2,"Lorem ipsum dolor sit amet, consectetur adipiscing elit, sed do eiusmod tempor incididunt ut labore et dolore magna aliqua. Ut enim ad minim veniam, quis nostrud exercitation ullamco laboris nisi ut aliquip ex ea commodo consequat. Duis aute irure dolor in reprehenderit in voluptate velit esse cillum dolore eu fugiat nulla pariatur. Excepteur sint occaecat cupidatat non proident, sunt in culpa qui officia deserunt mollit anim id est laborum.Lorem ipsum dolor sit amet, consectetur adipiscing elit, sed do eiusmod tempor incididunt ut labore et dolore magna aliqua. Ut enim ad minim veniam, quis nostrud exercitation ullamco laboris nisi ut aliquip ex ea commodo consequat. Duis aute irure dolor in reprehenderit in voluptate velit esse cillum dolore eu fugiat nulla pariatur. Excepteur sint occaecat cupidatat non proident, sunt in culpa qui officia deserunt mollit anim id est laborum.Lorem ipsum dolor sit amet, consectetur adipiscing elit, sed do eiusmod tempor incididunt ut labore et dolore magna aliqua. Ut enim ad minim veniam, quis nostrud exercitation ullamco laboris nisi ut aliquip ex ea commodo consequat. Duis aute irure dolor in reprehenderit in voluptate velit esse cillum dolore eu fugiat nulla pariatur. Excepteur sint occaecat cupidatat non proident, sunt in culpa qui officia deserunt mollit anim id est laborum.Lorem ipsum dolor sit amet, consectetur adipiscing elit, sed do eiusmod tempor incididunt ut labore et dolore magna aliqua. Ut enim ad minim veniam, quis nostrud exercitation ullamco laboris nisi ut aliquip ex ea commodo consequat. Duis aute irure dolor in reprehenderit in voluptate velit esse cillum dolore eu fugiat nulla pariatur. Excepteur sint occaecat cupidatat non proident, sunt in culpa qui officia deserunt mollit anim id est laborum.Lorem ipsum dolor sit amet, consectetur adipiscing elit, sed do eiusmod tempor incididunt ut labore et dolore magna aliqua. Ut enim ad minim veniam, quis nostrud exercitation ullamco laboris nisi ut aliquip ex ea commodo consequat. Duis aute irure dolor in reprehenderit in voluptate velit esse cillum dolore eu fugiat nulla pariatur. Excepteur sint occaecat cupidatat non proident, sunt in culpa qui officia deserunt mollit anim id est laborum.Lorem ipsum dolor sit amet, consectetur adipiscing elit, sed do eiusmod tempor incididunt ut labore et dolore magna aliqua. Ut enim ad minim veniam, quis nostrud exercitation ullamco laboris nisi ut aliquip ex ea commodo consequat. Duis aute irure dolor in reprehenderit in voluptate velit esse cillum dolore eu fugiat nulla pariatur. Excepteur sint occaecat cupidatat non proident, sunt in culpa qui officia deserunt mollit anim id est laborum.Lorem ipsum dolor sit amet, consectetur adipiscing elit, sed do eiusmod tempor incididunt ut labore et dolore magna aliqua. Ut enim ad minim veniam, quis nostrud exercitation ullamco laboris nisi ut aliquip ex ea commodo consequat. Duis aute irure dolor in reprehenderit in voluptate velit esse cillum dolore eu fugiat nulla paria",1,,3,,N/A,,N/A,,N/A,
"N. Communications and Marketing","76. Do your program’s communication materials accurately portray the population of youth served and surrounding communities in varied media (website, social media, recruitment materials, staff communication) using asset-based language?",1,N/A,,N/A,,N/A,,1,,1,,2,,3,,1,,1,,2,,1,,3,,N/A,,N/A,,N/A,
"O. Financial Management and Resource Development","77. Does your program have a detailed annual program budget and formal accounting system?",1.4666666666667,N/A,,N/A,,3,,3,,N/A,,N/A,,3,,1,,5,,N/A,,1,,3,,N/A,,0,,3,
"O. Financial Management and Resource Development","78. Does your program have a formal resource development plan that details how the program will ensure it maintains its operating funds over time?",1.5333333333333,N/A,,N/A,,N/A,,3,,3,,2,,3,,1,,N/A,,N/A,,1,,3,,1,,2,,4,
"O. Financial Management and Resource Development","79. Does your program have a code of ethics or decision-making guidelines that govern your fundraising efforts (i.e., detailing what kinds of organizations you would not accept funding from)?",1.5333333333333,2,,N/A,,3,,3,,2,,2,,N/A,,1,,N/A,,4,,1,,N/A,,3,,2,,N/A,
"P. Information Management","80. Does your program have written policies and procedures for managing participant information and other records that reflect safety and confidentiality concerns?",1.7333333333333,3,,N/A,,N/A,,4,,2,,2,,3,"Lorem ipsum dolor sit amet, consectetur adipiscing elit, sed do eiusmod tempor incididunt ut labore et dolore magna aliqua. Ut enim ad minim veniam, quis nostrud exercitation ullamco laboris nisi ut aliquip ex ea commodo consequat. Duis aute irure dolor in reprehenderit in voluptate velit esse cillum dolore eu fugiat nulla pariatur. Excepteur sint occaecat cupidatat non proident, sunt in culpa qui officia deserunt mollit anim id est laborum.",1,,N/A,,4,,1,,N/A,,2,,N/A,,4,
"P. Information Management","81. Does your program have a system, such as a database, for collecting and managing information about program participants, their relationships, and their program experience?",2.2,3,,N/A,,3,,4,,2,,3,,4,,1,,1,,2,,1,,N/A,,5,,N/A,,4,
"Q. Program Evaluation","82. Does your program have a written evaluation and/or data collection plan?",1.8,N/A,,N/A,,3,,1,,2,,3,,4,"Lorem ipsum dolor sit amet, consectetur adipiscing elit, sed do eiusmod tempor incididunt ut labore et dolore magna aliqua. Ut enim ad minim veniam, quis nostrud exercitation ullamco laboris nisi ut aliquip ex ea commodo consequat. Duis aute irure dolor in reprehenderit in voluptate velit esse cillum dolore eu fugiat nulla pariatur. Excepteur sint occaecat cupidatat non proident, sunt in culpa qui officia deserunt mollit anim id est laborum.",2,,3,,N/A,,1,,3,,3,,N/A,,2,
"Q. Program Evaluation","83. Does your program use a mentoring relationship quality survey or questionnaire to assess the quality of the relationship at least once during each program year?",2.3333333333333,3,,N/A,,4,,2,,3,,4,,3,,2,,2,,4,,1,,2,,N/A,,2,,3,
"Q. Program Evaluation","84. Does your program use professionally developed data collection tools (i.e., validated surveys or “scales”) to measure participant outcomes?",1.4,N/A,,N/A,,5,,N/A,,4,,N/A,,3,,2,,3,,N/A,,1,,3,,N/A,,N/A,,N/A,
"Q. Program Evaluation","85. Does your program analyze program implementation data on a set schedule to refine program practices and troubleshoot problems?",1.3333333333333,N/A,,N/A,,N/A,,3,,4,,1,,1,,2,,3,,2,,1,,3,,N/A,,N/A,,N/A,
"Q. Program Evaluation","86. Does your program examine youth outcomes through the lens of race/ethnicity, sexual orientation, gender identity and expression, disability, etc. to see how different groups of youth are experiencing the program?",1.6666666666667,N/A,,N/A,,N/A,,3,,2,,3,,3,,2,,5,,4,,1,,2,,N/A,,N/A,,N/A,
"Q. Program Evaluation","87. Does your program share your evaluation findings with program stakeholders including participants, staff, board members, funders, etc.?",1.5333333333333,3,,N/A,,N/A,,4,,4,,2,,4,,2,,N/A,,N/A,,1,,3,,N/A,,N/A,,N/A,
